<?xml version='1.0' encoding='UTF-8'?>
<?artifactRepository version='1.1.0'?>
<repository name='file:/Users/marianoquintela/Documents/ClonedRepos/odata-connector/target/update-site/ - artifacts' type='org.eclipse.equinox.p2.artifact.repository.simpleRepository' version='1'>
  <properties size='2'>
    <property name='p2.timestamp' value='1450462424516'/>
    <property name='p2.compressed' value='false'/>
  </properties>
  <mappings size='3'>
    <rule filter='(&amp; (classifier=osgi.bundle))' output='${repoUrl}/plugins/${id}_${version}.jar'/>
    <rule filter='(&amp; (classifier=binary))' output='${repoUrl}/binary/${id}_${version}'/>
    <rule filter='(&amp; (classifier=org.eclipse.update.feature))' output='${repoUrl}/features/${id}_${version}.jar'/>
  </mappings>
  <artifacts size='2'>
    <artifact classifier='osgi.bundle' id='org.mule.tooling.ui.contribution.odata.3.5.0' version='2.0.0.201512181513'>
      <properties size='3'>
        <property name='artifact.size' value='23432251'/>
        <property name='download.size' value='23432251'/>
        <property name='download.md5' value='f98acec38c085ccdada38e071e0cf67f'/>
      </properties>
    </artifact>
    <artifact classifier='org.eclipse.update.feature' id='org.mule.tooling.ui.extension.odata.3.5.0' version='2.0.0.201512181513'>
      <properties size='4'>
        <property name='artifact.size' value='15938'/>
        <property name='download.size' value='15938'/>
        <property name='download.md5' value='9637111732981e435ee691f0ea62be8d'/>
        <property name='download.contentType' value='application/zip'/>
      </properties>
    </artifact>
  </artifacts>
</repository>
